Segment,Fear Action,Greed Action,Priority,Root Issue
Frequent / Profitable,Halve leverage; maintain trade count,+10% allocation; ride momentum; watch fees,Monitor,None — preserve edge
Frequent / Loss-Making,Max 3 trades/day; counter-trend only,Max 1 directional trade; rest stables, HIGH INTERVENTION,Fee drag + overtrading
Infrequent / Profitable,+15% size on top setups,Standard size; early profit harvest,Monitor,None — maintain discipline
Infrequent / Loss-Making,Paper-trade / micro-size only,3–4 rule-based trades; 0.5% risk each, TRAINING NEEDED,No systematic process
